{
  "files": [
    {
      "filepath": "/home/nonzzz/workspace/pkg/__benchmarks__/pattern.bench.mts",
      "groups": [
        {
          "fullName": "__benchmarks__/pattern.bench.mts > Pattern Matcher Benchmark > Simple Pattern Matching",
          "benchmarks": [
            {
              "id": "-1346066025_0_0_0",
              "name": "JS Implementation",
              "rank": 1,
              "rme": 0.7905450999563184,
              "samples": [],
              "totalTime": 500.03500000000474,
              "min": 0.04016100000001188,
              "max": 1.4632699999999659,
              "hz": 21486.495945283626,
              "period": 0.04654086001489247,
              "mean": 0.04654086001489247,
              "variance": 0.0003785959533312272,
              "sd": 0.019457542325052955,
              "sem": 0.0001877175960843173,
              "df": 10743,
              "critical": 1.96,
              "moe": 0.00036792648832526193,
              "p75": 0.0478570000000218,
              "p99": 0.07289200000002438,
              "p995": 0.09137700000002269,
              "p999": 0.23032499999999345,
              "sampleCount": 10744,
              "median": 0.04513100000008308
            },
            {
              "id": "-1346066025_0_0_1",
              "name": "WASM Implementation",
              "rank": 2,
              "rme": 4.489904459857878,
              "samples": [],
              "totalTime": 503.67975899999976,
              "min": 3.599091000000044,
              "max": 8.35962799999993,
              "hz": 206.48040375194043,
              "period": 4.843074605769228,
              "mean": 4.843074605769228,
              "variance": 1.2500553397859202,
              "sd": 1.118058737180619,
              "sem": 0.10963467919667083,
              "df": 103,
              "critical": 1.9834,
              "moe": 0.21744942271867693,
              "p75": 5.739082999999937,
              "p99": 7.239235999999892,
              "p995": 8.35962799999993,
              "p999": 8.35962799999993,
              "sampleCount": 104,
              "median": 4.523540499999967
            }
          ]
        },
        {
          "fullName": "__benchmarks__/pattern.bench.mts > Pattern Matcher Benchmark > Complex Pattern Matching",
          "benchmarks": [
            {
              "id": "-1346066025_0_1_0",
              "name": "JS Implementation",
              "rank": 1,
              "rme": 0.5792883528923509,
              "samples": [],
              "totalTime": 500.1290579999984,
              "min": 0.2779209999998784,
              "max": 0.8086620000001403,
              "hz": 3251.1608233729244,
              "period": 0.307582446494464,
              "mean": 0.307582446494464,
              "variance": 0.0013437580714164754,
              "sd": 0.03665730583957958,
              "sem": 0.0009090761673896821,
              "df": 1625,
              "critical": 1.96,
              "moe": 0.0017817892880837769,
              "p75": 0.3070780000000468,
              "p99": 0.4948730000000978,
              "p995": 0.5554929999998421,
              "p999": 0.773482999999942,
              "sampleCount": 1626,
              "median": 0.3001259999998638
            },
            {
              "id": "-1346066025_0_1_1",
              "name": "WASM Implementation",
              "rank": 2,
              "rme": 3.998258523972078,
              "samples": [],
              "totalTime": 502.43991899999946,
              "min": 3.487528000000111,
              "max": 7.899560000000292,
              "hz": 210.97049814626715,
              "period": 4.7399992358490515,
              "mean": 4.7399992358490515,
              "variance": 0.9681858335456077,
              "sd": 0.9839643456678742,
              "sem": 0.09557106580108223,
              "df": 105,
              "critical": 1.983,
              "moe": 0.18951742348354605,
              "p75": 5.5557269999999335,
              "p99": 6.557361000000128,
              "p995": 7.899560000000292,
              "p999": 7.899560000000292,
              "sampleCount": 106,
              "median": 4.364957999999888
            }
          ]
        },
        {
          "fullName": "__benchmarks__/pattern.bench.mts > Pattern Matcher Benchmark > Multiple Matchers Concurrency",
          "benchmarks": [
            {
              "id": "-1346066025_0_2_0",
              "name": "JS Implementation",
              "rank": 1,
              "rme": 1.0080016630444852,
              "samples": [],
              "totalTime": 500.1014999999993,
              "min": 0.6314170000000559,
              "max": 1.7127370000002884,
              "hz": 1421.7113925873068,
              "period": 0.7033776371308007,
              "mean": 0.7033776371308007,
              "variance": 0.00930372935178169,
              "sd": 0.09645584146012978,
              "sem": 0.003617376673347692,
              "df": 710,
              "critical": 1.96,
              "moe": 0.007090058279761477,
              "p75": 0.6991929999999229,
              "p99": 1.0881570000001375,
              "p995": 1.4158849999998893,
              "p999": 1.7127370000002884,
              "sampleCount": 711,
              "median": 0.6764430000002903
            },
            {
              "id": "-1346066025_0_2_1",
              "name": "WASM Implementation",
              "rank": 2,
              "rme": 3.332569846013541,
              "samples": [],
              "totalTime": 532.8054639999991,
              "min": 26.495684999999867,
              "max": 33.906566999999995,
              "hz": 33.78343732601066,
              "period": 29.600303555555506,
              "mean": 29.600303555555506,
              "variance": 3.93421821650443,
              "sd": 1.9834863792081936,
              "sem": 0.4675122230430886,
              "df": 17,
              "critical": 2.11,
              "moe": 0.9864507906209169,
              "p75": 30.6847130000001,
              "p99": 33.906566999999995,
              "p995": 33.906566999999995,
              "p999": 33.906566999999995,
              "sampleCount": 18,
              "median": 29.215519500000028
            }
          ]
        }
      ]
    }
  ]
}